1	设计规范
2	APP B lue 0.1
2	#00A 6FA
2	Error R ed
2	#F24949
2	W arning Y ellow
2	#F2BA 49
2	B order C olor
2	#E6EBF0
2	Pure W hite
2	#FFFFFF
3	Font ⽂字
3	字体是体系化界⾯设计中最基本的构成之⼀。
3	XingZ hi A pp - D esign S ystem  - Font ⽂字
3	特⼤标题 H eading 1 H 1 M edium  500 20 px 28 px 0 px
3	⼀级标题 H eading 2 H 2 M edium  500 16 px 24 px 0 px
3	⼆级标题 H eading 3 H 3 M edium  500 14 px 22 px 0 px
3	⼀级⽂字 B ody 1 B 1 R egular 400 14 px 22 px 0 px
3	⼆级⽂字 B ody 2 B 2 R egular 400 12 px 18 px 0 px
3	三级⽂字 B ody 4 B 4 R egular 400 10 px 14 px 0.5 px
4	⽰意
4	常规状态
4	运营规范
4	XingZ hi A pp - D esign S ystem  - 运营规范
4	类型
4	尺⼨
4	⾊彩
4	说明
4	名称
4	实景
5	⽰意
5	常规状态
5	S w ipe 轮播图
5	XingZ hi A pp - D esign S ystem  - 轮播图
5	类型
5	交互
5	⾊彩
5	说明
5	名称
5	⽆定位器
6	Layout 基础布局
6	协助进⾏⻚⾯级整体基础布局。
6	X ingZ hi A pp - D esign S ystem  - R adius 圆⻆
6	Navigation B ars
6	S tatus B ars
6	T ab B ars
6	H om e Indicators
6	R adius 圆⻆
6	标签 3pt
7	G uide 引导
7	作为⽤⼾初次使⽤/登录时指⽰性的基础内容教程
7	X ingZ hi A pp - D esign S ystem  - G uide 引导
7	9:41
7	确定
7	⼀⾏最⼤宽度⼀⾏最⼤宽度⼀⾏最⼤宽
7	内容标题
7	下⼀步
7	9:41
7	⼀⾏最⼤宽度⼀⾏最⼤宽度⼀⾏最⼤宽
8	名称 ⽰意
8	⻚⾯级 / / /
8	当⽇暂⽆会议（⽇历）
8	未输⼊内容
8	暂⽆互动消息
8	已认证 ⽹⻚版登录确认
8	⽆结果（筛选）
8	⽆权限
8	暂⽆路演
8	认证中
9	名称 ⽰意
9	⻚⾯级 / / /
9	当⽇暂⽆会议（⽇历）
9	未输⼊内容
9	暂⽆互动消息
9	已认证 ⽹⻚版登录确认
9	⽆结果（筛选）
9	⽆权限
9	暂⽆路演
9	认证中
10	名称 ⽰意
10	⻚⾯级 / / /
10	当⽇暂⽆会议（⽇历）
10	未输⼊内容
10	暂⽆互动消息
10	已认证 ⽹⻚版登录确认
10	⽆结果（筛选）
10	⽆权限
10	暂⽆路演
10	认证中
11	规范
11	⾯型icon
11	线型icon
11	⾯线交互
11	系统icon
11	我的邀请函
11	客⼾服务
11	数字化服务申请
11	我的预约
11	客⼾的投⾏项⽬
12	名称 选中 未选中
12	⼀级 标题2 标题1
12	⼆级 标题标题 标题标题
12	类型
12	T abs 标签
12	⼀般应⽤于⽤⼾在内容组之间的导航切换选择。
12	X ingZ hi A pp - D esign S ystem  - T abs 标签
12	标题1 标题2 标题3 标题4 标题5 标题6
12	标题2 标题3
12	标题 标题标题
13	名称 加载关闭 禁⽤打开
13	元素
13	状态
13	Sw itch 开关
13	⼀般应⽤在⽤⼾控制功能的启⽤场景，开关两种状态间的切换。
13	XingZ hi A pp - D esign S ystem  - Sw itch 开关
13	内容信息
13	内容信息 未开通
13	内容信息 已开通
13	内容信息
14	R adio 单选框
14	⼀般应⽤于⽤⼾在⼀组可选项中进⾏单选操作的场景。
14	X ingZ hi A pp - D esign System  - R adio 单选框
14	名称 ⽰意
14	勾选
14	㬵囊 选项
14	名称 勾选 㬵囊
14	默认 选项
14	激活 选项
14	选中不可取消
15	状态
15	C heckbox 多选框
15	⼀般应⽤于⽤⼾在⼀组可选项中进⾏多选操作的场景。
15	X ingZ hi A pp - D esign S ystem -C heckbox 多选框
15	标题
15	确定取消
15	标题
15	确定取消
15	组合应⽤案例
15	名称 ⽰意
16	名称 极限状态 激活
16	减少
16	增加
16	样式
16	inputNum ber 计数器
16	在⼀定范围内输⼊、调整当前数值。
16	X ingZ hi A pp - D esign S ystem -inputNum ber 计数器
16	0.00
16	16px
17	X ingZ hi A pp - D esign System  - D ot 徽标
17	D ot 徽标
17	通常出现在按钮、图标旁的数字或状态标记。
17	名称
17	常规
17	带⽂字 NEW
17	带数字 8 99+
17	名称
17	⼤号
17	中号
18	C alendar ⽇历
18	⽤⼾需要输⼊⼀个⽇期时可在弹出的⽇期⾯板进⾏选择。
18	X ingZ hi A pp - D esign S ystem  - C alendar ⽇历
18	29
18	30
18	31
19	Loading 加载
19	X ingZ hi A pp - D esign S ystem  - Loading 加载
19	名称 ⽰意
19	默认
19	名称 中号 ⼤号⼩号
19	元素
19	名称 带竖向⽂字带横向⽂字单图形
19	元素 加载中...
19	正在加载中
19	名称 中号 ⼤号⼩号
20	S pace 间距
20	组件之间的间距规范。
20	XingZ hi A pp - D esign S ystem  - S pace 间距
20	名称 间距 ⽰意
20	标签 标签 标签
20	4px
20	⼩标题到⼩⽂本之间
20	4px 宏观：9⽉进出⼝数据点评
20	⽂章 ⾏知 10-17
20	名称 间距 ⽰意
21	名称
21	按钮投影
21	卡⽚投影
21	下拉投影
21	滑屏投影
21	类型
21	Shadow  阴影
21	⽤于突出某个模块或元素采⽤的分离于⼆位平⾯，使⻚⾯有纵深感的⼀种效果。
21	XingZ hi A pp - D esign System  - Shadow  阴影
22	名称 ⽰意
22	默认 toast
22	带图标
22	验证中
22	名称 ⽰意
22	⼀⾏ toast
22	16px
22	24px
22	多⾏ ⼀⾏最⼤宽度超过折⾏⼀⾏最⼤
22	宽度超过折⾏
23	D isclaim er 免责声明
23	说明
23	9:41
23	2021年业绩公司2022年战略⾏业监管影响公司2021年业绩公司
23	2022年战略⾏业监管影响公司2021年业绩公司2022年战略⾏业
23	监管影响
23	免责声明
23	9:41
23	2021年业绩公司2022年战略⾏业监管影响公司2021年业绩公司
24	Notice B ar 通知栏
24	说明
24	名称 ⽰意
24	默认 交易⽇15:35出预成交结果，次⽇6:00出成交结果
24	带图标 交易⽇15:35出预成交结果，次⽇6:00出成交结果
24	名称
24	类型
24	样式
25	T ab B ar 底部标签栏
25	说明
25	名称 ⽰意
25	⼀排两个
25	⾸⻚ 我的
25	⼀排三个
25	⾸⻚ 我的云路演
25	⼀排四个
25	⾸⻚ 我的云路演 约企业
26	Pendant 挂件
26	说明
26	X ingZ hi A pp - D esign S ystem  - Pendant 挂件
26	请介绍⼀下公司产品⽑利率与同⾏业可⽐上市
26	公司⽐较情况。
26	2022-05-24  09:38
26	M im osa
26	2022-05-24  09:38
27	R esult feedback流程结果反馈
27	说明
27	名称 ⽰意
27	完成
27	异常
27	失败
27	类型
27	9:41
27	申请已提交
28	M ask 遮罩
28	m ask是⽤于加深⻚⾯，使背景与内容对⽐更加明显，突出内容的⼀种修饰⽅式
28	X ingZ hi A pp - D esign S ystem -M ask 遮罩
28	9:41
28	确定
28	考试已结束，即将提交试卷
28	(3s)
28	9:41
28	确定
28	标题
29	C ard 卡⽚
29	包含单个主题的内容和操作称为卡⽚。
29	名称 ⽰意
29	边距
29	12px
29	12px
29	12px
29	12px
29	边距
29	名称 ⽰意宽度
30	H K
30	五档⾏情
30	交易中 05-14 11:12:00 北京时间
30	16.37 1.80% +0.32
30	最⾼ 16.37 今开 16.07
30	最低 15.37 昨收 16.01
30	成交量 2.5万股 换⼿率 1.22%
30	成交额 1.58亿 振幅 2.95
30	H K
30	五档⾏情
31	C ard 卡⽚-⻚⾯案例
31	包含单个主题的内容和操作称为卡⽚。
31	卡⽚【范例】
31	纯建议型基⾦投顾服务
31	00* * * 687
31	我的策略
31	策略⽬标：这⾥是策略⽬标这⾥是策略⽬标这⾥是
31	这⾥是策略⽬标这⾥是策
32	1、⼀级结构
32	1、信息名
32	2、卡⽚信息
32	3、展开/收起按钮
32	4、操作按钮
32	2、⼆级结构
32	展开/收起按钮
32	信息展⽰
32	/gO包含选择按钮、信息展⽰、展开/收
32	起按钮等
33	信息展⽰-案例
33	C ollapse 折叠⾯板-⻚⾯案例
33	⽤于多操作的扩展，附带少量的提⽰信息或标题。
33	9:41
33	按住说话
33	⾏知综合开⼾数字化解决⽅案
33	/gO材料清单及模板
33	您好！点击查看材料清单，⼀键下载模板>>
33	华泰证券⾏知
33	您可以将上述链接转发给客⼾，由客⼾⾃⾏
34	名称
34	带按钮
34	9:41
34	确定
34	标题
34	确定
34	带副标题
34	9:41
34	确定
34	标题
35	Popup 浮层抽屉-交互说明
35	⼀种在可视界⾯的前景中从⻚⾯底部弹出的窗⼝。
35	/g0标题栏⼀般包含标题名、副标题（可
35	选）、关闭按钮，标题名固定⼀⾏⾼
35	度。
35	1.标题栏
35	/g0点击关闭按钮、抽屉外的界⾯均可实
35	现关闭抽屉的操作。
35	2.1 信息展⽰
35	信息确认栏应⽤于⼆次确认、状态提醒
36	9:41
36	陈华泰
36	职位 总经理、基⾦经理
36	学历 硕⼠研究⽣
36	投资年限 21年
36	核⼼范围 股票多头、固收复合策略
36	确认
36	案例-信息选择类
36	案例-信息确认类
36	Popup 浮层抽屉-⻚⾯案例
37	李易明 当前
37	华夏基⾦基⾦基⾦
37	李易明
37	华夏基⾦基⾦基⾦
38	李易明 当前
38	华夏基⾦基⾦基⾦
38	李易明
38	华夏基⾦基⾦基⾦
39	激活状态
39	常规状态
39	B utton 按钮
39	X ingZ hi A pp - D esign S ystem -B utton 按钮
39	类型
39	交互
39	样式
39	颜⾊
39	按钮表⽰⽤⼾与之交互时将发⽣的动作，表达⽤⼾可执⾏的操作，触发相应的业务逻辑。
39	尺⼨
40	可以加⼊icon，特殊场景下倒计时模块
40	当⻚⾯需要有多个操作时，需要使⽤按
40	钮组合，按钮组合为主按钮+次按钮构
40	成。不允许主按钮+主按钮的形式。
40	主按钮为圆⻆矩形⾊块+⽂字构成，
40	/g0⼀般应⽤在⻚⾯的底部作为该⻚⾯的核
40	⼼操作。
40	1.主按钮
40	可以加⼊icon
40	特殊场景下其不作为⽤⼾核⼼操作时可
41	按扭组合【范例】
41	主按钮【范例】
41	⽂字按钮【范例】
41	B utton 按钮-⻚⾯范例
41	默认置底状态
41	默认置底状态
41	双按钮 双按钮带其他操作
42	Inform ation Flow 信息流-交互说明
42	说明
42	各种业务功能中需要展⽰该业务或者相
42	关信息的内容展⽰。
42	信息流是产品中应⽤最⼴泛的内容展⽰
42	组件。
42	常规信息流
42	重点信息流，主要展⽰当前信息流中最
42	重要的推 荐 内容。 重点 推 荐 的 视频 信
43	Inform ation Flow 信息流-⻚⾯场景
43	说明
43	【范例】多项内容筛选
43	研究服务多项筛选
43	⾸⻚信息流【范例】
43	9⽉财政数据点评、"⽣育友好"⽀持政
43	策、智谱A utoG LM 出圈
43	⽂章 ⾏知 今天15:00
43	每⽇晨记
44	名称 横版竖版
44	未输⼊
44	标题项 请输⼊
44	请输⼊
44	标题项
44	已输⼊
44	标题项 输⼊的内容
44	输⼊的内容
44	标题项
44	报错
45	表单校验情况时采⽤toast提⽰。
45	输⼊内容及预⽂本靠右对⻬，特殊数据
45	场景可加⼊按钮、开关等特殊操作靠右
45	对⻬。
45	横向布局⼀般应⽤于填写信息输⼊较少
45	的场景，表单的展呈条⽬屏效更⾼。
45	横向布局表单为左右结构，标题项和输
45	⼊填写项呈左右⽔平排布。
45	1.横向布局表单
45	输⼊内容及预⽂本靠左对⻬
46	X ingZ hi A pp - D esign S ystem  - Form  表单-⻚⾯范例
46	【范例】表单使⽤
46	表单【范例】
46	Form  表单-⻚⾯范例
46	9:41
46	预约意向
46	华熙⽣物
46	您所预约交流的公司
46	交流⽅式 线上交流 线下会⾯*
47	特殊场景中图⽚和名⽚的上传区域放
47	⼤。上传成功后提⽰⽂字为⽂件类型缩
47	写，图⽚上传后可显⽰图像缩略图，右
47	上⻆出现删除标识。
47	本地类上传为圆⻆矩形内⽂档类型图标
47	+提⽰⽂字构成，⼀般⽤于⽤⼾上传本
47	地⽂件场景。
47	1.本地类上传
47	上传照⽚墙应⽤于多个⽂件同时上传的
48	A pp D esign S ystem
48	上传【范例】
48	U pload 上传 -⻚⾯案例
48	9:41
48	股份回购
48	问卷标题
48	为了给您提供更好的服务，希望您能抽出⼏分钟时间，
48	将您的感受和建议告诉我们，我们⾮常重视每位⽤⼾的
49	名称 上传前 上传后
49	⽂档类 点击上传
49	/g0不超过100M .pdf
49	图⽚类
49	点击上传
49	名称 ⽰意
49	⽂档
49	.pdf
49	未知
50	推荐搜索
50	历史搜索
50	⾏⼩知
50	路演季
50	张继强
50	⽣猪⾏情 滨江
50	华泰证券 中国证券报
50	基⾦保有量
50	⾏⼩知
50	路演季
51	【范例】全局搜索
51	【范例】模块⾸⻚ 【范例】模块⾸⻚-同级别场景
51	1.搜索触发-搜索框【范例】
51	2.搜索触发-按钮【范例】
51	3.搜索反馈【范例】
51	4.搜索结果【范例】
52	/g0单独⼀种类型时，可隐藏类型标题
52	/g0已选择选项后再次展开菜单时，需⾼
52	亮 展⽰已选中的选项。
52	/g0已选择选项后，⼊⼝展⽰选项并呈现
52	激活态
52	常规使⽤场景为多选，单次多项内容或
52	者复杂内容筛选
52	使⽤场景
52	点击后⻚⾯底部向上弹出模态窗⼝展⽰
52	筛选项，组件本⾝可多选，是否多选可
53	【范例】带操作栏的筛选
53	【范例】多项内容筛选
53	⾸⻚⽤⼾⾃定义筛选
53	带有操作的筛选【范例】
53	研究服务
53	9:41
53	晋控煤业 (601001 C H ) 周⼤⽣ (002867 C H )财报直击
53	⾦股组合
53	数据服务
53	投研⼯具活动⽇历
54	/g0已选择选项后再次展开菜单时，需⾼
54	亮 展⽰已选中的选项
54	/g0已选择选项后，⼊⼝展⽰选项并呈现
54	激活态
54	/g0在未选择选项或者默认状态下时，⼊
54	⼝展⽰选择的内容或默认选项，例如
54	项⽬状态（选择的内容），北京（默
54	认选项）
54	/g0常规使⽤场景为单项内容选择
54	使⽤场景
55	【范例】带操作栏的筛选
55	【范例】下拉菜单选择
55	⾸⻚⽤⼾⾃定义筛选
55	组合式下拉菜单【范例】
55	股权项⽬单项筛选
55	下拉菜单【范例】
55	9:41
55	股权项⽬
55	IPO 项⽬ ⾮公开发⾏ 可转债
55	苏能股份
56	3.2 .当有多个针对⻚⾯级别的操作时，
56	可以使⽤“更多”进⾏收纳，icon形式不
56	限。
56	3.3.⽂字
56	3.1.常规⻚⾯顶部为单个操作或者两个
56	操作
56	3.操作
56	2 .4.标题不在顶部显⽰的场景，应⽤案
56	例：活动⻚⾯
56	2 .3.副标题场景，⽤于需要显⽰账⼾信
57	【范例】带操作栏的筛选
57	【范例】模块⾸⻚ 【范例】模块⾸⻚-同级别场景
57	【范例】融券详情 【范例】信息⻚
57	模块⾸⻚【范例】
57	信息⾸⻚【范例】
57	副标题模块【范例】
57	研究服务
58	名称 多⾏⼀⾏
58	纯⽂本
58	圆信永丰兴源灵活A 2
58	圆信永丰兴源灵活上海机场
58	带副⽂本
58	圆信永丰兴源灵活A 2
58	圆信永丰兴源灵活
58	6000009.S H
58	上海机场
58	6000009.S H
59	产品名称
59	上海机场
59	6000009.S H
59	圆信永丰兴源灵活A 2
59	圆信永丰兴源灵
59	6000009.S H
59	净值
59	0.1322
59	08-30
59	0.1322
60	X ingZ hi A pp - D esign S ystem -T able 表格-⻚⾯范例
60	【范例】表格使⽤
60	表格【范例】
60	T able 表格-⻚⾯范例
60	全部账⼾(2) 账号退出
60	9:41
60	账⼾订单
60	成交
60	下单
62	⼀列 两列 三列
62	8⽉
62	7⽉
62	11⽉
62	6⽉
62	10⽉
62	5⽉
62	9⽉
62	2022年 8⽉
62	2022年 7⽉
63	滚动条居中为当前已选定项，可以由1-
63	3列的滚动条组合。
63	⼀般应⽤于⽤⼾输⼊选择某⼀个⽇期节
63	点场景，⾼亮选定提⽰⽤⼾⽬前所选。
63	单⽇期选择器为滚动选择区域+⾼亮当
63	前选项构成。
63	1.单⽇期选择器
63	可以加⼊快捷选择按钮组合。
63	⼀般应⽤于⽤⼾选取⼀个时间段场景。
63	⽇期范围选择器为⼀段时间的选择，起
64	⽇期时间选择器【范例】
64	范围时间选择器【范例】
64	D ate& T im e P icker ⽇期时间选择器-⻚⾯案例
64	安***亚 6666****7262
64	景顺⻓城纳斯达克科技E T F联联接 (Q
64	9:41
64	2024-10 ⾄ 2024-11 累计收益 +18,990.49
64	2024-11-21 +72.73
65	Popover ⽓泡弹出框
65	⼀种由矩形和三⻆箭头组成的弹出窗⼝，通常⽤来承载更多功能操作。
65	X ingZ hi A pp - D esign S ystem -Popover ⽓泡弹出框
65	名称 ⽰意
65	默认
65	取消置顶
65	带图标
65	取消置顶
65	带箭头
65	取消置顶
66	进度名称位于节点下⽅，不允许出现名
66	称在其他位置的情况。
66	⼀般应⽤于⽤⼾主动的操作流程场景，
66	提⽰当前位于哪⼀步进度节点。
66	横向步骤条为横向事件流，由当前节
66	点、进度和其他节点构成。
66	1.(横向)主动步骤条
66	特殊场景下可以显⽰时间，搭配弹窗作
66	为信息提⽰。
66	⼀般应⽤于⽤⼾⽆需主动操作，仅作为
67	X ingZ hi A pp - D esign S ystem -S teps 步骤条-⻚⾯范例
67	横向步骤条【范例】
67	纵向步骤条【范例】
67	S teps 步骤条-⻚⾯范例
67	辅导备案登记受理
67	2020-08-11
67	2020-08-11
67	2020-08-11
68	名称 结束位置过程位置初始位置
68	横版
68	步骤1 步骤2 步骤3
68	步骤1 步骤2 步骤3
68	步骤1 步骤2 步骤3
68	竖版
68	步骤1
68	步骤2
68	步骤3
68	步骤1
69	名称 登录后登录前
69	浅⾊背景-浅⾊版
69	为上市公司回购项⽬提供多维平台服务
69	全过程⼀站式项⽬制管理
69	登录
69	华泰证券股份有限公司
69	王⼩知 072**687
69	详情
69	浅⾊背景-深⾊版
69	为上市公司回购项⽬提供多维平台服务
70	登录后，需要根据账⼾展⽰账⼾信息的
70	场景。
70	3.附加信息
70	内容由权益描述与登录按钮共同组成，
70	可对权益做创意设计提升⽤⼾关注。
70	在登录界⾯之前，展⽰关键性的推荐信
70	息，通过权益亮点或功能特⾊来吸引⽤
70	⼾的注意⼒，进⽽激发他们的兴趣，促
70	使他们关注并最终完成注册登录流程。
70	这⼀策略旨在提升⽤⼾的使⽤率，从⽽
71	【范例】带操作栏的筛选
71	【范例】托管外包
71	资产托管
71	登录后【范例】
71	资产托管
71	登录前【范例】
71	9:41
71	资产托管
71	华泰证券股份有限公司
72	结构：包含账⼾名、账号、下拉按钮
72	2.登录后
72	账⼾名：顶部内容为账号名，最⼤字符
72	数为四位中⽂字符
72	登录区与导航栏合并，轻量化登录，以
72	单个登录按钮跳转后续登录操作界⾯
72	1.登录前
72	结构：登录区包含⽂字+ icon ，是否添
72	加头像或icon引导⽤⼾进⾏登录操作
72	账⼾：底部内容为数字账号，账⼾多为
73	轻量化登录-案例
73	国信永丰弘阳...
73	募集结束
73	2023/01/17
73	胡春霞
73	重磅⾸发
73	股票型
73	国信永丰弘阳...
73	募集结束
74	名称 ⽰意
74	带下拉 13666668888+86
74	带图标 请输⼊交易密码
74	带操作按钮
74	111222333
74	验证码 5 5 5 5 5 5
74	名称 ⽰意
74	未输⼊ 请输⼊密码
74	已输⼊ 111222333
74	报错
75	录⼊⽂本靠右对⻬。
75	⽂本输⼊框的基础构造为标题项+输⼊
75	区+分割线，标题和输⼊项以⽔平或竖
75	直⽅式排列，⼀般⽤于⽤⼾输⼊信息的
75	场景。
75	1.⽂本输⼊框
75	⼀般⽤于辅助⽤⼾进⾏快速便捷的操作
75	或⼆级选项，和清除便捷按钮或密码显
76	名称 ⽰意
76	矩形 标签 热
76	圆形
76	直播中
76	回放中
76	报名中
76	异形
76	标签标签
76	标签标签
76	名称 异形圆形矩形
77	特殊场景下可以加⼊动态图标icon。
77	常规标签为彩⾊形状衬托+⽂本内容构
77	成。常规标签在⼀般场景下仅作为标
77	记，⽤于信息对象的分类。
77	1.常规标签
77	和带按钮交互的图标icon组合使⽤，位
77	于标签⽂本字段的右侧。
77	操作标签为彩⾊形状衬托+⽂本内容+操
78	X ingZ hi A pp - D esign System -T ag 标签-⻚⾯案例
78	常规标签【范例】
78	操作标签【范例】
78	T ag 标签-⻚⾯案例
78	卡⽚ 榜单 常规信息流 云路演信息流
78	策、智谱A utoG LM 出圈
78	⽂章 ⾏知 10-17
78	每⽇晨记
79	尺⼨
79	名称
79	常规
79	带⽂字 ⼩⼩
79	带照⽚
79	名称 ⼩号 中号 ⼤号
79	尺⼨
79	36px 40px 48px
79	20px
79	类型
80	2.2多头像嵌套组合：当栏⽬作者⼈数超
80	过⼀位时，可⽤头像堆叠嵌套组合，最
80	多三位，姓名以并列形式呈现在右侧。
80	2.1头像和按钮的组合：按钮位于头像下
80	⽅，作为⽤⼾需要关注时的交互操作。
80	2.头像的组合
80	使⽤场景与结构
80	X ingZ hi A pp - D esign S ystem -A vatar 头像-交互说明
80	A vatar 头像-交互说明
80	全局头像
81	头像组合【范例】
81	X ingZ hi A pp - D esign S ystem -A vatar 头像-⻚⾯范例
81	头像【范例】
81	A vatar 头像-⻚⾯范例
81	T A B /排列
81	关注
81	全部关注
81	张继强
82	选项条⽬三个以下为横排选项，三个以
82	上为竖排，不允许加⼊图标/icon。
82	⽤于不打断当前⼯作流程，⼜需要⽤⼾
82	进⾏相关⼩型操作。
82	选项弹窗为圆⻆矩形框+⽂字+选项构
82	成，从上⾄下为标题、⽂本提⽰、⽤⼾
82	选项栏。
82	1.选项弹窗
82	特殊场景下可以加⼊图标等提⽰。
82	⽤⼾⽆需进⾏任何操作，仅作为当前流
83	X ingZ hi A pp - D esign S ystem -M odal 弹窗-⻚⾯案例
83	弹窗【范例】
83	反馈弹窗【范例】
83	操作弹窗【范例】
83	M odal 弹窗-⻚⾯案例
83	申请已提交
83	请等待客⼾经理受理，受理成功后他将协助您
84	名称
84	⼀个操作项
84	标题
84	⼀⾏内容
84	按钮
84	两个操作项
84	标题
84	超出⼀⾏内容换⾏超出⼀⾏内容换⾏超
84	出⼀⾏内容换⾏
84	按钮按钮
85	分享⾄
85	微信好友 邮箱
85	取消
85	分享⾄
85	微信好友 朋友圈 分享海报 复制链接
85	取消
85	分享⾄
85	微信好友 企业微信 朋友圈 分享海报 复制链
85	取消
85	分享⾄
86	分享触发存在多种场景
86	1.分享触发
86	1.1 处于顶部导航栏的分享场景，应⽤案
86	例：活动详情⻚。
86	1.2  处于界⾯底部的分享场景，应⽤案
86	例：咨询、热点、图⽂、视频等界⾯。
86	1.3  应⽤于对常⻅⽂稿、⽂件的分享场
86	景 ，应⽤案例：咨询、热点、图⽂、视
86	频等界⾯。
86	分享类型按照等分形式分布，当分享类
87	X ingZ hi A pp - D esign S ystem -S hare 分享-⻚⾯范例
87	分享【范例】
87	S hare 分享-⻚⾯案例
87	蔚来2022年第⼀季度业绩会
87	评论点赞 分享
87	胡彦斌：此处是评论此处是评论此处是评论此处是评论此处是
87	评论，此处是评论此处是评论此处是评论此处是评论
87	⾏业下⾏期，⻰头表现亮眼，⼩公司加速出清，⾏
88	A ction S heet 动作条
88	说明
88	默认
88	取消
88	⼀⾏内容⼀⾏内容
88	带标题
88	拨打电话
88	华⼩泰 13812345678
88	华⼩泰 13812345678
89	A ction S heet 动作条-交互说明
89	1.动作条-纵向分布
89	特殊情况
89	2.动作条-横向分布
89	⽤于多操作的扩展，附带少量的提⽰信息或标题。
89	智能上传
89	图⽚ 拍摄 本地⽂件 微信⽂件
89	智能上传
89	图⽚ 拍摄 本地⽂件 微信⽂件 微信
90	弹窗【范例】
90	A ction S heet 动作条-⻚⾯案例
90	安全验证
90	验证
90	⼴东正圆私募基⾦管理有限公司
90	136abcd8g88
90	更多
90	咨询⾏⼩知
91	/gO场景专业化— — 区分信息获取、决策、路演场景，提供精准⼯具；
91	/gO/gO⽤⼾分层化— — ⽤Y模型穿透普通⽤⼾、分析师、企业⾼管的真实需求；
91	/gO/gO互动可信化— — 通过数据溯源、⼈机复核等设计建⽴信任。
91	设计范式三要素
91	场景维度
91	场景
91	⽤⼾维度
91	⽤⼾
91	精准匹配⾦融场景需求
91	互动维度
92	投资就问⾏⼩知
92	应⽤场景
92	对话框触发
92	主模块触发1.触发
92	普通信息4.内容呈现
92	关键信息
92	操作选项区域
92	关键信息（卡⽚）
92	结构3.主要交互区域 反馈
93	应⽤趋势
93	依据设计内容和⽬标受众来选取恰当的
93	对称形式。
93	1.⽐例均衡
93	对称结构通常具备简洁性与明确性，基
93	于⼀种镜像模式，使设计或物体的结构
93	易于被理解。
93	2.结构简洁
93	建⽴出好的主次层级关系，把⽤⼾视线
94	⽤于需要独⽴登录的模块下，⼀般场景
94	下⼦模块中会有⽐较多的功能和业务。
94	应⽤场景
94	应⽤案例
94	为上市公司回购项⽬提供多维平台服务
94	全过程⼀站式项⽬制管理
94	登录
94	对话基⾦经理 更多
94	国信永丰弘阳...
94	募集结束
95	应⽤于需要独⽴登录的模块下，登录区
95	与导航栏位置重合，⼀般场景下⼦模块
95	中会有⽐较多的功能和业务。
95	应⽤场景
95	应⽤案例
95	累计服务
95	200+家公司
95	覆盖50000+个
95	激励对象
95	客⼾累计托管资产
96	⽤于⼀级⻚⾯的信息展⽰，是业务最重
96	要的模块，每个⻚⾯都是关键业务的⼊
96	⼝。
96	应⽤场景
96	应⽤案例
96	我的产品
96	划款指令
96	募集⼾
96	托管⼾
96	估值表
97	+订阅
97	描述描述描述描述描述描述描述描述描述描述描述描述描述描述
97	描述描述
97	2380
97	次浏览 154
97	⼈订阅
97	海外研究 订阅
97	9:41
97	深度对话 交易规则指引 海外市场周报全部 筛选
97	华泰海外研究｜宏观·⽇本2024:宏观趋势与内容内容内容...
98	⽤于项⽬ 与 信息展 ⽰， 顶 部 有 业务 标
98	题，下⽅直接展⽰信息流，主要⽤于呈
98	现各种项⽬和资讯信息内容。
98	应⽤场景
98	应⽤案例
98	导航
98	顶部信息
98	信息
98	导航
98	关键信息
99	⽤于业务展⽰说明较多的场景，⽤⼾主
99	要在⻚⾯中查看业务的介绍。
99	应⽤场景
99	应⽤案例
99	导航
99	关键操作
99	推荐
99	导航
99	导航
99	关键操作
100	报错提⽰报错提⽰报错提⽰
100	输⼊的内容
100	/g0
100	5/5 0
100	标题项
101	报错提⽰报错提⽰报错提⽰
101	输⼊的内容
101	/g0
101	5/5 0
101	标题项
102	固定⽆法修改的内容
102	/g0
102	标题项
103	输⼊的内容
103	/g0
103	5/5 0
103	标题项
104	请输⼊
104	/g0
104	0/5 0
104	标题项
105	固定⽆法修改的内容
105	/g0
105	标题项
106	输⼊的内容
106	/g0
106	5/5 0
106	标题项
107	请输⼊
107	/g0
107	0/5 0
107	标题项
108	固定⽆法修改的内容
108	/g0
108	标题项
109	输⼊的内容
109	/g0
109	5/5 0
109	标题项
110	报错提⽰报错提⽰报错提⽰
110	输⼊的内容
110	标题项
111	报错提⽰报错提⽰报错提⽰
111	输⼊的内容
111	标题项
112	固定⽆法修改的内容
112	标题项
113	输⼊的内容
113	标题项
114	请输⼊
114	标题项
115	固定⽆法修改的内容
115	标题项
116	输⼊的内容
116	标题项
117	请输⼊
117	标题项
118	固定⽆法修改的内容
118	标题项
119	输⼊的内容
119	标题项
120	* 标题项
120	报错提⽰
120	输⼊的内容
121	* 标题项
121	报错提⽰
121	输⼊的内容
122	标题项
122	报错提⽰
122	输⼊的内容
123	* 标题项
123	报错提⽰
123	输⼊的内容
124	标题项
124	报错提⽰
124	输⼊的内容
125	* 标题项
125	报错提⽰
125	输⼊的内容
126	*标题项 可选项A 可选项B
127	标题项 可选项A 可选项B
128	*标题项 可选项A 可选项B
129	标题项 可选项A 可选项B
130	*标题项 可选项A 可选项B
131	*标题项 可选项A 可选项B
132	*标题项 1/4 1/3 1/2 全部
133	* 标题项 预提⽰⽂本内容
134	标题项 1/4 1/3 1/2 全部
135	*标题项 1/4 1/3 1/2 全部
136	标题项 预提⽰⽂本内容
137	* 标题项 预提⽰⽂本内容
138	标题项 1/4 1/3 1/2 全部
139	*标题项 1/4 1/3 1/2 全部
140	标题项 预提⽰⽂本内容
141	* 标题项 预提⽰⽂本内容
142	*标题项 1/4 1/3 1/2 全部
143	* 标题项 预提⽰⽂本内容
145	* 标题项 输⼊的内容
146	* 标题项 固定⽆法修改的内容
147	* 标题项 预提⽰⽂本内容 0 .0 0
148	* 标题项 请输⼊
149	* 标题项 点击选择或添加
150	* 标题项 输⼊的内容
151	标题项 输⼊的内容
152	* 标题项 固定⽆法修改的内容
153	标题项 固定⽆法修改的内容
154	标题项 预提⽰⽂本内容 0 .0 0
155	* 标题项 预提⽰⽂本内容 0 .0 0
156	* 标题项 请输⼊
157	标题项 点击选择或添加
158	* 标题项 点击选择或添加
159	标题项 请输⼊
160	* 标题项 输⼊的内容
161	标题项 输⼊的内容
162	* 标题项 固定⽆法修改的内容
163	标题项 固定⽆法修改的内容
164	标题项 预提⽰⽂本内容 0 .0 0
165	* 标题项 预提⽰⽂本内容 0 .0 0
166	* 标题项 请输⼊
167	标题项 点击选择或添加
168	* 标题项 点击选择或添加
169	标题项 请输⼊
170	* 标题项 输⼊的内容
171	* 标题项 固定⽆法修改的内容
172	* 标题项 预提⽰⽂本内容 0 .0 0
173	* 标题项 请输⼊
174	* 标题项 点击选择或添加
175	标题项 固定⽆法修改的内容
176	标题项 输⼊的内容
177	⾯容验证
177	状态保持时⻓
177	切换⾝份
177	退出并登录其他账号
177	取消
178	分享⾄
178	* 本⻚内容仅供⾏知A P P 注册的专业机构投资者阅览，请勿
178	向第三⽅转发。普通投资者使⽤本⻚⾯信息，可能因缺乏
178	解读服务⽽对内容产⽣歧义，进⽽造成投资损失。
178	微信好友 邮箱 复制链接
178	取消
179	分享⾄
179	微信好友 邮箱 复制链接 分享海报 朋友圈
179	取消
181	⽇期选择
181	2024年 12⽉ 11⽇
181	2023年 11⽉ 10⽇
181	2027年 1⽉ 14⽇
181	2022年 10⽉ 09⽇
181	2026年 2⽉ 13⽇
181	2021年 09⽉ 08⽇
181	2025年 3⽉ 12⽇
181	确定
182	分享⾄
182	微信好友 邮箱 复制链接 分享海报
182	取消
184	分享⾄
184	微信好友 邮箱 复制链接
184	取消
185	筛选
185	报告类型
185	深度报告 点评报告 深度报告
185	深度报告 点评报告 点评报告
185	点评报告 点评报告 点评报告
185	点评报告 点评报告 点评报告
185	发布时间
185	点评报告 深度报告 点评报告
185	点评报告 请选择⽇期
185	评级
186	全部 深度对话 交易规则指引 海外市场周报筛选
187	按钮
188	按钮
189	按钮
190	按钮
191	按钮
192	按钮
193	按钮
194	按钮
195	按钮
196	按钮
197	按钮
199	按钮
201	按钮
203	按钮
205	按钮
206	选项
207	按钮
208	选项
209	按钮
210	选项
211	* 标题项
211	固定⽆法修改的内容
211	/g0
212	*标题项
212	输⼊的内容
212	/g0
212	5 /5 0
212	报错提⽰报错提⽰报错提⽰
213	*标题项
213	请输⼊
213	/g0
213	0 /5 0
214	*标题项
214	输⼊的内容
214	/g0
214	5 /5 0
215	* 标题项
215	固定⽆法修改的内容
216	* 标题项
216	输⼊的内容
216	报错提⽰报错提⽰报错提⽰
217	* 标题项
217	输⼊的内容
218	* 标题项
218	输⼊的内容
219	* 标题项
219	输⼊的内容
219	报错提⽰报错提⽰报错提⽰
220	* 标题项
220	固定⽆法修改的内容
221	*标题项
221	固定⽆法修改的内容
221	/g0
221	0 /5 0
222	*标题项
222	输⼊的内容
222	/g0
222	0 /5 0
222	报错提⽰报错提⽰报错提⽰
223	*标题项
223	输⼊的内容
223	/g0
223	0 /5 0
224	*标题项
224	请输⼊
224	/g0
224	0 /5 0
225	* 标题项
225	请输⼊
226	* 标题项
226	输⼊的内容
227	* 标题项
227	输⼊的内容
227	报错提⽰报错提⽰报错提⽰
228	* 标题项
228	固定⽆法修改的内容
229	*标题项
229	固定⽆法修改的内容
229	/g0
229	0 /5 0
230	*标题项
230	输⼊的内容
230	/g0
230	0 /5 0
230	报错提⽰报错提⽰报错提⽰
231	*标题项
231	输⼊的内容
231	/g0
231	0 /5 0
232	*标题项
232	请输⼊
232	/g0
232	0 /5 0
233	* 标题项
233	请输⼊
234	* 标题项
234	输⼊的内容
235	* 标题项
235	输⼊的内容
235	报错提⽰报错提⽰报错提⽰
236	* 标题项
236	固定⽆法修改的内容
237	*标题项
237	固定⽆法修改的内容
237	/g0
237	0 /5 0
238	*标题项
238	输⼊的内容
238	/g0
238	0 /5 0
238	报错提⽰报错提⽰报错提⽰
239	*标题项
239	输⼊的内容
239	/g0
239	0 /5 0
240	*标题项
240	请输⼊
240	/g0
240	0 /5 0
241	* 标题项
241	请输⼊
242	标题项 请输⼊
243	固定收益
244	筛选
244	报告类型
244	深度报告 点评报告 定期报告
244	专题研究 专题研究 专题研究
244	专题研究 专题研究 专题研究
244	专题研究 专题研究 专题研究
244	发布时间
244	今天 三天内 ⼀周内
244	⼀个⽉内 请选择⽇期
244	评级
245	上市板块 上市板块 上市板块 上市板块
245	报送证监会
245	暂缓表决
245	已审核通过
245	辅导备案登记受理
245	已受理
245	已问询
245	已预披露更新
246	上市板块 上市板块 上市板块 上市板块
247	上市板块 上市板块 上市板块 上市板块 上
248	上市板块 辅导备公
248	司的⼯作
248	注册地 所属⾏业 所
249	上市板块 上市板块 上市板块 上市板块
249	报送证监会
249	暂缓表决
249	已审核通过
249	辅导备案登记受理
249	已受理
249	已问询
249	已预披露更新
250	上市板块 上市板块 上市板块 上市板块
251	上市板块 上市板块 上市板块 上市板块
252	上市板块
253	上市板块 上市板块 上市板块 上市板块
255	3.74%
262	9 :4 1
263	19,433,800 7/4/28 100,000 200,0005.00% 3.00%
263	置顶 四川⻓虹
263	600839
264	9 :4 1
265	9 :4 1
268	9 :4 1
274	⾊彩规范
274	C o lo rs
276	02.00%28
280	2023123123
280	2132113
280	09:00:00~16:00:00
280	NgOParticipationRate (% )
280	NgO20.0
280	sliteqduser200 sliteqd200zj 资⾦账号名
280	NgOX X X X X X S Z PO V限价平安银⾏
280	000001.S Z
280	6000
280	6000
281	500,015,700 4.89%1-182
282	9 :4 1
298	How can I forget a
298	bad memory?
298	Forgetting a bad
298	memory entirely
298	may be challenging,
298	as memories are
298	complex and deeply
298	ingrained in the
298	brain. However,
298	therearestrategies
299	How can I forget a bad
299	memory?
299	DEC 30,
299	2023
299	2.16
299	mb
304	状态保持时⻓
304	切换⾝份
304	经纪账号登录
304	退出并登录其他账号
304	取消
308	贵州茅台贵州茅台贵州茅台贵州
308	茅台贵州茅台贵州茅台贵州茅台
308	贵州茅台贵州茅台贵州茅台
308	600519.S H ⼀对多
308	09:00- 12:00 6层⼤宴会厅
308	已签到
308	申建国 电⼒设备与新能源⾏业苜席研究员
308	申建国 电⼒设备与新能源⾏业苜席研究员
308	申建国 电⼒设备与新能源⾏业苜席研究员
312	⾦融产品证券经纪业务引⼊
312	办理渠道：请⾄"O A 平台-分⽀机构⽤印流程-⽤分
312	公司章
312	取消全选
316	查看材料并创建流程
319	开⼾申请表(产品) 可复⽤ 样例